Train Accuracy,Validation Accuracy,Test Accuracy
0.6810238095238095,0.6862142857142857,0.6845714285714286
