Train Accuracy,Validation Accuracy,Test Accuracy
0.6810238095238095,0.09871428571428571,0.10107142857142858
